{
  "0": {
    "1": {
      "0": 1.0
    }
  },
  "1": {
    "0": {
      "0": 0.5773502691896257,
      "1": 0.0
    },
    "1": {
      "0": 0.0,
      "1": 0.7071067811865476
    },
    "2": {
      "0": 0.816496580927726,
      "1": 0.7071067811865476
    }
  },
  "4": {
    "5": {
      "0": 0.7453559924999299,
      "1": 0.7302967433402214,
      "2": 0.6831300510639732,
      "3": 0.5962847939999439,
      "4": 0.4472135954999579
    }
  },
  "3": {
    "4": {
      "0": 0.7559289460184545,
      "1": 0.7319250547113999,
      "2": 0.6546536707079771,
      "3": 0.5
    }
  },
  "6": {
    "7": {
      "0": 0.7337993857053429,
      "1": 0.7262730392025629,
      "2": 0.7032108464077431,
      "3": 0.6629935441317959,
      "4": 0.6021937915964948,
      "5": 0.5135525910130955,
      "6": 0.37796447300922725
    }
  },
  "7": {
    "8": {
      "0": 0.7302967433402214,
      "1": 0.724568837309472,
      "2": 0.7071067811865476,
      "3": 0.67700320038633,
      "4": 0.6324555320336759,
      "5": 0.570087712549569,
      "6": 0.48304589153964794,
      "7": 0.3535533905932738
    }
  },
  "10": {
    "11": {
      "0": 0.7237468644557459,
      "1": 0.7207499701564472,
      "2": 0.7116835718867666,
      "3": 0.6963106238227914,
      "4": 0.674199862463242,
      "5": 0.6446583712203042,
      "6": 0.6066014902432799,
      "7": 0.5582905262390825,
      "8": 0.496742636335202,
      "9": 0.4161251892882395,
      "10": 0.30151134457776363
    }
  },
  "9": {
    "10": {
      "0": 0.7254762501100117,
      "1": 0.7218397547786817,
      "2": 0.7108186533109109,
      "3": 0.6920602346769049,
      "4": 0.6649099662043687,
      "5": 0.6282808624375432,
      "6": 0.5803810000880093,
      "7": 0.5180936716768301,
      "8": 0.435285750066007,
      "9": 0.31622776601683794
    }
  },
  "8": {
    "9": {
      "0": 0.7276068751089989,
      "1": 0.7231015260621872,
      "2": 0.7094138241225704,
      "3": 0.6859943405700354,
      "4": 0.6517949073958691,
      "5": 0.6049901419820201,
      "6": 0.5423261445466404,
      "7": 0.4573295603800236,
      "8": 0.3333333333333333
    }
  }
}